d2n2sur,d2n2sur_Ahmed,100
d2n2sur,d2n2sur_Airiin,100
d2n2sur,d2n2sur_Aleksander_Makarov,100
d2n2sur,d2n2sur_Alena,100
d2n2sur,d2n2sur_Alexander,100
d2n2sur,d2n2sur_Andreas,100
d2n2sur,d2n2sur_Anton,100
d2n2sur,d2n2sur_Asif,100
d2n2sur,d2n2sur_Darwin,100
d2n2sur,d2n2sur_Dona,100
d2n2sur,d2n2sur_Elmar,100
d2n2sur,d2n2sur_Francisca,100
d2n2sur,d2n2sur_Hassan,100
d2n2sur,d2n2sur_Helen,100
d2n2sur,d2n2sur_Iiris,100
d2n2sur,d2n2sur_Ivan,100
d2n2sur,d2n2sur_Karl,100
d2n2sur,d2n2sur_Karl_Gregori,100
d2n2sur,d2n2sur_Kirill,100
d2n2sur,d2n2sur_Laur,100
d2n2sur,d2n2sur_Laura,100
d2n2sur,d2n2sur_Laura_Jogede,100
d2n2sur,d2n2sur_Lembit,100
d2n2sur,d2n2sur_Lukas,100
d2n2sur,d2n2sur_Mari-liis,100
d2n2sur,d2n2sur_Mate,100
d2n2sur,d2n2sur_Merilin,100
d2n2sur,d2n2sur_Nikita,100
d2n2sur,d2n2sur_Nina,100
d2n2sur,d2n2sur_Pavel,100
d2n2sur,d2n2sur_Pejman,100
d2n2sur,d2n2sur_Polina,100
d2n2sur,d2n2sur_Reena,100
d2n2sur,d2n2sur_Remo,100
d2n2sur,d2n2sur_Rezwan,100
d2n2sur,d2n2sur_Richard,100
d2n2sur,d2n2sur_Roxanne,100
d2n2sur,d2n2sur_Sameer,100
d2n2sur,d2n2sur_Suman,100
d2n2sur,d2n2sur_Teddy,100
d2n2sur,d2n2sur_Toyib,100
h2n2a,h2n2a_Ahmed,100
h2n2a,h2n2a_Airiin,100
h2n2a,h2n2a_Aleksander_Makarov,100
h2n2a,h2n2a_Alena,100
h2n2a,h2n2a_Alexander,100
h2n2a,h2n2a_Andreas,100
h2n2a,h2n2a_Anton,100
h2n2a,h2n2a_Asif,100
h2n2a,h2n2a_Darwin,100
h2n2a,h2n2a_Dona,100
h2n2a,h2n2a_Elmar,100
h2n2a,h2n2a_Francisca,100
h2n2a,h2n2a_Hassan,100
h2n2a,h2n2a_Helen,100
h2n2a,h2n2a_Iiris,100
h2n2a,h2n2a_Ivan,100
h2n2a,h2n2a_Karl,100
h2n2a,h2n2a_Karl_Gregori,100
h2n2a,h2n2a_Kirill,100
h2n2a,h2n2a_Laur,100
h2n2a,h2n2a_Laura,100
h2n2a,h2n2a_Laura_Jogede,100
h2n2a,h2n2a_Lembit,100
h2n2a,h2n2a_Lukas,100
h2n2a,h2n2a_Mari-liis,100
h2n2a,h2n2a_Mate,100
h2n2a,h2n2a_Merilin,100
h2n2a,h2n2a_Nikita,100
h2n2a,h2n2a_Nina,100
h2n2a,h2n2a_Pavel,100
h2n2a,h2n2a_Pejman,100
h2n2a,h2n2a_Polina,100
h2n2a,h2n2a_Reena,100
h2n2a,h2n2a_Remo,100
h2n2a,h2n2a_Rezwan,100
h2n2a,h2n2a_Richard,100
h2n2a,h2n2a_Roxanne,100
h2n2a,h2n2a_Sameer,100
h2n2a,h2n2a_Suman,100
h2n2a,h2n2a_Teddy,100
h2n2a,h2n2a_Toyib,100
h2n2c,h2n2c_Ahmed,100
h2n2c,h2n2c_Airiin,100
h2n2c,h2n2c_Aleksander_Makarov,100
h2n2c,h2n2c_Alena,100
h2n2c,h2n2c_Alexander,100
h2n2c,h2n2c_Andreas,100
h2n2c,h2n2c_Anton,100
h2n2c,h2n2c_Asif,100
h2n2c,h2n2c_Darwin,100
h2n2c,h2n2c_Dona,100
h2n2c,h2n2c_Elmar,100
h2n2c,h2n2c_Francisca,100
h2n2c,h2n2c_Hassan,100
h2n2c,h2n2c_Helen,100
h2n2c,h2n2c_Iiris,100
h2n2c,h2n2c_Ivan,100
h2n2c,h2n2c_Karl,100
h2n2c,h2n2c_Karl_Gregori,100
h2n2c,h2n2c_Kirill,100
h2n2c,h2n2c_Laur,100
h2n2c,h2n2c_Laura,100
h2n2c,h2n2c_Laura_Jogede,100
h2n2c,h2n2c_Lembit,100
h2n2c,h2n2c_Lukas,100
h2n2c,h2n2c_Mari-liis,100
h2n2c,h2n2c_Mate,100
h2n2c,h2n2c_Merilin,100
h2n2c,h2n2c_Nikita,100
h2n2c,h2n2c_Nina,100
h2n2c,h2n2c_Pavel,100
h2n2c,h2n2c_Pejman,100
h2n2c,h2n2c_Polina,100
h2n2c,h2n2c_Reena,100
h2n2c,h2n2c_Remo,100
h2n2c,h2n2c_Rezwan,100
h2n2c,h2n2c_Richard,100
h2n2c,h2n2c_Roxanne,100
h2n2c,h2n2c_Sameer,100
h2n2c,h2n2c_Suman,100
h2n2c,h2n2c_Teddy,100
h2n2c,h2n2c_Toyib,100
h2n2d,h2n2d_Ahmed,100
h2n2d,h2n2d_Airiin,100
h2n2d,h2n2d_Aleksander_Makarov,100
h2n2d,h2n2d_Alena,100
h2n2d,h2n2d_Alexander,100
h2n2d,h2n2d_Andreas,100
h2n2d,h2n2d_Anton,100
h2n2d,h2n2d_Asif,100
h2n2d,h2n2d_Darwin,100
h2n2d,h2n2d_Dona,100
h2n2d,h2n2d_Elmar,100
h2n2d,h2n2d_Francisca,100
h2n2d,h2n2d_Hassan,100
h2n2d,h2n2d_Helen,100
h2n2d,h2n2d_Iiris,100
h2n2d,h2n2d_Ivan,100
h2n2d,h2n2d_Karl,100
h2n2d,h2n2d_Karl_Gregori,100
h2n2d,h2n2d_Kirill,100
h2n2d,h2n2d_Laur,100
h2n2d,h2n2d_Laura,100
h2n2d,h2n2d_Laura_Jogede,100
h2n2d,h2n2d_Lembit,100
h2n2d,h2n2d_Lukas,100
h2n2d,h2n2d_Mari-liis,100
h2n2d,h2n2d_Mate,100
h2n2d,h2n2d_Merilin,100
h2n2d,h2n2d_Nikita,100
h2n2d,h2n2d_Nina,100
h2n2d,h2n2d_Pavel,100
h2n2d,h2n2d_Pejman,100
h2n2d,h2n2d_Polina,100
h2n2d,h2n2d_Reena,100
h2n2d,h2n2d_Remo,100
h2n2d,h2n2d_Rezwan,100
h2n2d,h2n2d_Richard,100
h2n2d,h2n2d_Roxanne,100
h2n2d,h2n2d_Sameer,100
h2n2d,h2n2d_Suman,100
h2n2d,h2n2d_Teddy,100
h2n2d,h2n2d_Toyib,100
h2n2s,h2n2s_Ahmed,100
h2n2s,h2n2s_Airiin,100
h2n2s,h2n2s_Aleksander_Makarov,100
h2n2s,h2n2s_Alena,100
h2n2s,h2n2s_Alexander,100
h2n2s,h2n2s_Andreas,100
h2n2s,h2n2s_Anton,100
h2n2s,h2n2s_Asif,100
h2n2s,h2n2s_Darwin,100
h2n2s,h2n2s_Dona,100
h2n2s,h2n2s_Elmar,100
h2n2s,h2n2s_Francisca,100
h2n2s,h2n2s_Hassan,100
h2n2s,h2n2s_Helen,100
h2n2s,h2n2s_Iiris,100
h2n2s,h2n2s_Ivan,100
h2n2s,h2n2s_Karl,100
h2n2s,h2n2s_Karl_Gregori,100
h2n2s,h2n2s_Kirill,100
h2n2s,h2n2s_Laur,100
h2n2s,h2n2s_Laura,100
h2n2s,h2n2s_Laura_Jogede,100
h2n2s,h2n2s_Lembit,100
h2n2s,h2n2s_Lukas,100
h2n2s,h2n2s_Mari-liis,100
h2n2s,h2n2s_Mate,100
h2n2s,h2n2s_Merilin,100
h2n2s,h2n2s_Nikita,100
h2n2s,h2n2s_Nina,100
h2n2s,h2n2s_Pavel,100
h2n2s,h2n2s_Pejman,100
h2n2s,h2n2s_Polina,100
h2n2s,h2n2s_Reena,100
h2n2s,h2n2s_Remo,100
h2n2s,h2n2s_Rezwan,100
h2n2s,h2n2s_Richard,100
h2n2s,h2n2s_Roxanne,100
h2n2s,h2n2s_Sameer,100
h2n2s,h2n2s_Suman,100
h2n2s,h2n2s_Teddy,100
h2n2s,h2n2s_Toyib,100
n2a,n2a_Ahmed,100
n2a,n2a_Airiin,100
n2a,n2a_Aleksander_Makarov,100
n2a,n2a_Alena,100
n2a,n2a_Alexander,100
n2a,n2a_Andreas,100
n2a,n2a_Anton,100
n2a,n2a_Asif,100
n2a,n2a_Darwin,100
n2a,n2a_Dona,100
n2a,n2a_Elmar,100
n2a,n2a_Francisca,100
n2a,n2a_Hassan,100
n2a,n2a_Helen,100
n2a,n2a_Iiris,100
n2a,n2a_Ivan,100
n2a,n2a_Karl,100
n2a,n2a_Karl_Gregori,100
n2a,n2a_Kirill,100
n2a,n2a_Laur,100
n2a,n2a_Laura,100
n2a,n2a_Laura_Jogede,100
n2a,n2a_Lembit,100
n2a,n2a_Lukas,100
n2a,n2a_Mari-liis,100
n2a,n2a_Mate,100
n2a,n2a_Merilin,100
n2a,n2a_Nikita,100
n2a,n2a_Nina,100
n2a,n2a_Pavel,100
n2a,n2a_Pejman,100
n2a,n2a_Polina,100
n2a,n2a_Reena,100
n2a,n2a_Remo,100
n2a,n2a_Rezwan,100
n2a,n2a_Richard,100
n2a,n2a_Roxanne,100
n2a,n2a_Sameer,100
n2a,n2a_Suman,100
n2a,n2a_Teddy,100
n2a,n2a_Toyib,100
n2c,n2c_Ahmed,100
n2c,n2c_Airiin,100
n2c,n2c_Aleksander_Makarov,100
n2c,n2c_Alena,100
n2c,n2c_Alexander,100
n2c,n2c_Andreas,100
n2c,n2c_Anton,100
n2c,n2c_Asif,100
n2c,n2c_Darwin,100
n2c,n2c_Dona,100
n2c,n2c_Elmar,100
n2c,n2c_Francisca,100
n2c,n2c_Hassan,100
n2c,n2c_Helen,100
n2c,n2c_Iiris,100
n2c,n2c_Ivan,100
n2c,n2c_Karl,100
n2c,n2c_Karl_Gregori,100
n2c,n2c_Kirill,100
n2c,n2c_Laur,100
n2c,n2c_Laura,100
n2c,n2c_Laura_Jogede,100
n2c,n2c_Lembit,100
n2c,n2c_Lukas,100
n2c,n2c_Mari-liis,100
n2c,n2c_Mate,100
n2c,n2c_Merilin,100
n2c,n2c_Nikita,100
n2c,n2c_Nina,100
n2c,n2c_Pavel,100
n2c,n2c_Pejman,100
n2c,n2c_Polina,100
n2c,n2c_Reena,100
n2c,n2c_Remo,100
n2c,n2c_Rezwan,100
n2c,n2c_Richard,100
n2c,n2c_Roxanne,100
n2c,n2c_Sameer,100
n2c,n2c_Suman,100
n2c,n2c_Teddy,100
n2c,n2c_Toyib,100
n2d,n2d_Ahmed,100
n2d,n2d_Airiin,100
n2d,n2d_Aleksander_Makarov,100
n2d,n2d_Alena,100
n2d,n2d_Alexander,100
n2d,n2d_Andreas,100
n2d,n2d_Anton,100
n2d,n2d_Asif,100
n2d,n2d_Darwin,100
n2d,n2d_Dona,100
n2d,n2d_Elmar,100
n2d,n2d_Francisca,100
n2d,n2d_Hassan,100
n2d,n2d_Helen,100
n2d,n2d_Iiris,100
n2d,n2d_Ivan,100
n2d,n2d_Karl,100
n2d,n2d_Karl_Gregori,100
n2d,n2d_Kirill,100
n2d,n2d_Laur,100
n2d,n2d_Laura,100
n2d,n2d_Laura_Jogede,100
n2d,n2d_Lembit,100
n2d,n2d_Lukas,100
n2d,n2d_Mari-liis,100
n2d,n2d_Mate,100
n2d,n2d_Merilin,100
n2d,n2d_Nikita,100
n2d,n2d_Nina,100
n2d,n2d_Pavel,100
n2d,n2d_Pejman,100
n2d,n2d_Polina,100
n2d,n2d_Reena,100
n2d,n2d_Remo,100
n2d,n2d_Rezwan,100
n2d,n2d_Richard,100
n2d,n2d_Roxanne,100
n2d,n2d_Sameer,100
n2d,n2d_Suman,100
n2d,n2d_Teddy,100
n2d,n2d_Toyib,100
n2h,n2h_Ahmed,100
n2h,n2h_Airiin,100
n2h,n2h_Aleksander_Makarov,100
n2h,n2h_Alena,100
n2h,n2h_Alexander,100
n2h,n2h_Andreas,100
n2h,n2h_Anton,100
n2h,n2h_Asif,100
n2h,n2h_Darwin,100
n2h,n2h_Dona,100
n2h,n2h_Elmar,100
n2h,n2h_Francisca,100
n2h,n2h_Hassan,100
n2h,n2h_Helen,100
n2h,n2h_Iiris,100
n2h,n2h_Ivan,100
n2h,n2h_Karl,100
n2h,n2h_Karl_Gregori,100
n2h,n2h_Kirill,100
n2h,n2h_Laur,100
n2h,n2h_Laura,100
n2h,n2h_Laura_Jogede,100
n2h,n2h_Lembit,100
n2h,n2h_Lukas,100
n2h,n2h_Mari-liis,100
n2h,n2h_Mate,100
n2h,n2h_Merilin,100
n2h,n2h_Nikita,100
n2h,n2h_Nina,100
n2h,n2h_Pavel,100
n2h,n2h_Pejman,100
n2h,n2h_Polina,100
n2h,n2h_Reena,100
n2h,n2h_Remo,100
n2h,n2h_Rezwan,100
n2h,n2h_Richard,100
n2h,n2h_Roxanne,100
n2h,n2h_Sameer,100
n2h,n2h_Suman,100
n2h,n2h_Teddy,100
n2h,n2h_Toyib,100
n2s,n2s_Ahmed,100
n2s,n2s_Airiin,100
n2s,n2s_Aleksander_Makarov,100
n2s,n2s_Alena,100
n2s,n2s_Alexander,100
n2s,n2s_Andreas,100
n2s,n2s_Anton,100
n2s,n2s_Asif,100
n2s,n2s_Darwin,100
n2s,n2s_Dona,100
n2s,n2s_Elmar,100
n2s,n2s_Francisca,100
n2s,n2s_Hassan,100
n2s,n2s_Helen,100
n2s,n2s_Iiris,100
n2s,n2s_Ivan,100
n2s,n2s_Karl,100
n2s,n2s_Karl_Gregori,100
n2s,n2s_Kirill,100
n2s,n2s_Laur,100
n2s,n2s_Laura,100
n2s,n2s_Laura_Jogede,100
n2s,n2s_Lembit,100
n2s,n2s_Lukas,100
n2s,n2s_Mari-liis,100
n2s,n2s_Mate,100
n2s,n2s_Merilin,100
n2s,n2s_Nikita,100
n2s,n2s_Nina,100
n2s,n2s_Pavel,100
n2s,n2s_Pejman,100
n2s,n2s_Polina,100
n2s,n2s_Reena,100
n2s,n2s_Remo,100
n2s,n2s_Rezwan,100
n2s,n2s_Richard,100
n2s,n2s_Roxanne,100
n2s,n2s_Sameer,100
n2s,n2s_Suman,100
n2s,n2s_Teddy,100
n2s,n2s_Toyib,100
n2sur,n2sur_Ahmed,100
n2sur,n2sur_Airiin,100
n2sur,n2sur_Aleksander_Makarov,100
n2sur,n2sur_Alena,100
n2sur,n2sur_Alexander,100
n2sur,n2sur_Andreas,100
n2sur,n2sur_Anton,100
n2sur,n2sur_Asif,100
n2sur,n2sur_Darwin,100
n2sur,n2sur_Dona,100
n2sur,n2sur_Elmar,100
n2sur,n2sur_Francisca,100
n2sur,n2sur_Hassan,100
n2sur,n2sur_Helen,100
n2sur,n2sur_Iiris,100
n2sur,n2sur_Ivan,100
n2sur,n2sur_Karl,100
n2sur,n2sur_Karl_Gregori,100
n2sur,n2sur_Kirill,100
n2sur,n2sur_Laur,100
n2sur,n2sur_Laura,100
n2sur,n2sur_Laura_Jogede,100
n2sur,n2sur_Lembit,100
n2sur,n2sur_Lukas,100
n2sur,n2sur_Mari-liis,100
n2sur,n2sur_Mate,100
n2sur,n2sur_Merilin,100
n2sur,n2sur_Nikita,100
n2sur,n2sur_Nina,100
n2sur,n2sur_Pavel,100
n2sur,n2sur_Pejman,100
n2sur,n2sur_Polina,100
n2sur,n2sur_Reena,100
n2sur,n2sur_Remo,100
n2sur,n2sur_Rezwan,100
n2sur,n2sur_Richard,100
n2sur,n2sur_Roxanne,100
n2sur,n2sur_Sameer,100
n2sur,n2sur_Suman,100
n2sur,n2sur_Teddy,100
n2sur,n2sur_Toyib,100
s2n2h,s2n2h_Ahmed,100
s2n2h,s2n2h_Airiin,100
s2n2h,s2n2h_Aleksander_Makarov,100
s2n2h,s2n2h_Alena,100
s2n2h,s2n2h_Alexander,100
s2n2h,s2n2h_Andreas,100
s2n2h,s2n2h_Anton,100
s2n2h,s2n2h_Asif,100
s2n2h,s2n2h_Darwin,100
s2n2h,s2n2h_Dona,100
s2n2h,s2n2h_Elmar,100
s2n2h,s2n2h_Francisca,100
s2n2h,s2n2h_Hassan,100
s2n2h,s2n2h_Helen,100
s2n2h,s2n2h_Iiris,100
s2n2h,s2n2h_Ivan,100
s2n2h,s2n2h_Karl,100
s2n2h,s2n2h_Karl_Gregori,100
s2n2h,s2n2h_Kirill,100
s2n2h,s2n2h_Laur,100
s2n2h,s2n2h_Laura,100
s2n2h,s2n2h_Laura_Jogede,100
s2n2h,s2n2h_Lembit,100
s2n2h,s2n2h_Lukas,100
s2n2h,s2n2h_Mari-liis,100
s2n2h,s2n2h_Mate,100
s2n2h,s2n2h_Merilin,100
s2n2h,s2n2h_Nikita,100
s2n2h,s2n2h_Nina,100
s2n2h,s2n2h_Pavel,100
s2n2h,s2n2h_Pejman,100
s2n2h,s2n2h_Polina,100
s2n2h,s2n2h_Reena,100
s2n2h,s2n2h_Remo,100
s2n2h,s2n2h_Rezwan,100
s2n2h,s2n2h_Richard,100
s2n2h,s2n2h_Roxanne,100
s2n2h,s2n2h_Sameer,100
s2n2h,s2n2h_Suman,100
s2n2h,s2n2h_Teddy,100
s2n2h,s2n2h_Toyib,100
